index,multiplier,round_duration
1,0.9996,0.0
2,1.0161,0.2490000000034342
3,1.0276,0.4500000000007276
4,1.0451,0.6510000000016589
5,1.0702,0.8770000000004075
6,1.2492,1.0970000000015716
7,1.3651,1.2910000000010768
8,1.4913,1.4900000000016007
9,1.4991,1.6779999999998836
10,1.5137,1.889000000002852
11,1.5157,2.092000000000553
