index,multiplier,round_duration
1,1.1788,0.0
2,1.2343,2.0019999999931315
3,1.2409,4.004000000000815
4,1.2391,6.023000000001048
5,1.1946,8.006999999997788
6,0.7595,10.004999999990105
7,1.1201,12.004000000000817
8,0.8317,14.002999999996971
9,0.7437,16.00099999998929
10,0.7278,18.004000000000815
11,1.0185,20.002999999996973
12,1.1189,22.00400000000081
13,0.8856,24.002999999996973
14,0.7229,26.006999999997788
15,0.7065,28.005999999993943
