index,multiplier,round_duration
1,1.0003,0.0
2,0.9902,0.2360000000007858
3,0.9879,0.4570000000021537
4,1.0054,0.6660000000010768
5,0.067,0.8770000000004075
