index,multiplier,round_duration
1,1.0353,0.0
2,0.8909,1.989000000001397
3,0.7154,3.990999999994529
4,0.4821,5.989000000001397
5,0.2653,7.989000000001397
6,0.3202,9.989999999990689
7,0.1922,11.990999999994528
8,0.279,13.989999999990689
9,0.243,15.997000000003029
10,0.314,17.987999999997555
11,0.246,20.0
12,0.1341,21.986999999993717
13,0.137,23.99099999999453
14,0.1667,25.99099999999453
