index,multiplier,round_duration
1,0.9979,0.0
2,0.9585,1.9990000000107104
3,0.7695,3.99900000001071
4,0.8403,6.001000000003842
5,1.2314,8.001000000003842
6,1.8685,10.001000000003842
7,1.9331,11.99900000001071
8,1.644,14.001000000003842
9,2.251,16.00100000000384
10,2.5063,17.99800000000687
11,1.5637,19.99800000000687
12,1.945,22.00100000000384
13,2.151,23.99900000001071
14,2.6838,25.99900000001071
15,2.7009,28.0
16,2.6022,30.0
