index,multiplier,round_duration
1,1.0268,0.0
2,1.2819,1.995999999999185
3,1.5907,3.997000000003027
4,1.3175,5.9980000000068685
5,1.9205,7.995999999999185
6,2.1282,9.998000000006869
7,2.146,11.997000000003029
8,2.5606,13.995999999999183
