index,multiplier,round_duration
1,1.0064,0.0
2,1.1509,0.2150000000037835
3,1.159,0.4270000000033178
4,1.1829,0.6600000000034925
5,1.1955,0.8930000000036671
6,1.1976,1.0869999999995343
7,1.2198,1.312000000005355
8,1.2361,1.5230000000010475
9,1.2336,1.7090000000025611
10,1.2402,1.8950000000040743
11,1.2684,2.12000000000262
12,1.2586,2.3210000000035507
13,1.2543,2.5310000000026776
14,1.2551,2.7050000000017462
15,1.2517,2.889000000002852
