index,multiplier,round_duration
1,1.0005,0.0
2,1.0247,0.2030000000013387
3,1.0207,0.4170000000012805
4,1.022,0.6130000000048312
5,1.1395,0.8120000000053551
6,1.1806,1.0010000000038417
7,1.1805,1.2050000000017462
8,1.1819,1.3770000000004077
9,1.1811,1.5889999999999418
10,1.1827,1.7910000000047148
11,1.1975,1.9979999999995923
12,1.2188,2.161000000000058
13,1.4825,2.38300000000163
