index,multiplier,round_duration
1,1.0248,0.0
2,1.0199,1.9969999999884749
3,1.0737,3.9979999999923166
4,1.0856,6.00099999998929
5,1.2789,8.002999999996973
6,1.5678,10.0
7,1.4567,11.998999999996158
8,1.4185,14.0
9,1.3147,16.0
10,1.4207,17.99899999999616
11,1.4316,19.99899999999616
12,1.7355,22.00199999999313
