index,multiplier,round_duration
1,0.9993,0.0
2,0.9903,0.1959999999962747
3,0.9867,0.3830000000016298
4,1.0014,0.5760000000009313
5,1.0999,0.7770000000018626
6,1.1801,0.967000000004191
7,1.1986,1.176000000006752
8,1.1986,1.342000000004191
9,0.1196,1.5139999999955762
