index,multiplier,round_duration
1,1.0018,0.0
2,0.8452,2.0
3,1.0073,4.002000000007683
4,1.0348,6.002999999996973
5,1.0177,8.002999999996973
6,1.1882,10.002999999996971
7,1.5763,12.0
