index,multiplier,round_duration
1,1.0065,0.0
2,1.1748,0.2219999999979336
3,1.1791,0.4199999999982537
4,1.189,0.6599999999998545
5,1.1691,0.8809999999975844
6,1.1524,1.0949999999975262
7,1.161,1.3069999999970603
8,1.1024,1.5049999999973809
9,1.006,1.7269999999989525
10,1.1582,1.9249999999992724
11,1.1526,2.1379999999990105
12,1.1727,2.333999999998923
13,1.184,2.5639999999984866
14,1.1995,2.760999999998603
15,1.2138,2.943999999999505
