index,multiplier,round_duration
1,0.9995,0.0
2,0.9969,0.1739999999990686
3,0.9916,0.3329999999987194
4,0.9741,0.4939999999915017
5,0.9775,0.657999999995809
6,0.9775,0.8209999999962747
