index,multiplier,round_duration
1,1.0009,0.0
2,0.9802,0.223999999998341
3,0.9821,0.452000000001135
