index,multiplier,round_duration
1,1.0095,0.0
2,1.0139,2.002999999996973
3,1.2637,4.0
4,1.0388,5.9980000000068685
5,1.0302,8.010000000009313
6,0.9704,10.002000000007683
7,0.8052,12.002000000007683
