index,multiplier,round_duration
1,1.0091,0.0
2,1.6652,1.995999999999185
3,2.1198,3.997000000003027
4,0.2119,6.028999999994994
