index,multiplier,round_duration
1,1.1396,0.0
2,1.3722,2.004000000000815
3,1.0156,4.004000000000815
4,1.1589,6.001000000003842
5,1.1741,8.0
6,1.2555,10.004000000000817
7,1.5291,12.004000000000817
8,1.8409,14.004000000000817
9,2.0735,16.0
10,2.5393,18.00100000000384
11,2.621,19.99900000001071
12,3.0888,22.0
13,2.9177,24.002000000007683
14,3.1824,26.0
15,2.623,28.0
16,1.7455,30.00400000000081
