index,multiplier,round_duration
1,1.0001,0.0
2,1.0012,0.2029999999977008
3,0.812,0.4359999999978754
4,0.8254,0.6490000000012515
5,0.26,0.8479999999981374
