index,multiplier,round_duration
1,1.0001,0.0
2,1.0037,1.9989999999961583
3,1.0486,4.004000000000815
4,1.2901,6.004000000000815
5,1.3067,8.002000000007683
6,1.3474,10.004000000000817
7,1.3236,11.998999999996158
8,1.1423,13.998999999996158
9,1.2728,15.998999999996158
