index,multiplier,round_duration
1,0.9999,0.0
2,0.9958,0.2159999999967112
3,0.9842,0.430000000000291
4,0.9895,0.6529999999984284
5,1.0105,0.8619999999973516
6,0.8926,1.0599999999976717
7,0.8962,1.2709999999970023
8,1.0217,1.4599999999991269
9,1.0252,1.657999999999447
10,1.0108,1.8669999999983704
11,1.0012,2.0859999999993306
12,0.9997,2.2819999999992437
