index,multiplier,round_duration
1,0.9907,0.0
2,1.0468,1.9879999999975555
3,1.0993,3.986000000004424
