index,multiplier,round_duration
1,0.9887,0.0
2,0.8377,0.2060000000055879
3,0.8539,0.3990000000048894
4,1.0181,0.5939999999973224
5,1.0577,0.7580000000016298
6,1.0577,0.9389999999984866
