index,multiplier,round_duration
1,0.9991,0.0
2,0.9988,0.2200000000011641
3,1.0215,0.4000000000014552
4,1.0303,0.5879999999997381
5,1.0252,0.7999999999992724
6,1.0398,1.0030000000006112
7,1.0512,1.2109999999993306
8,1.0722,1.3850000000020373
9,1.0902,1.5950000000011642
10,1.1802,1.7799999999988358
11,1.2972,1.9769999999989525
12,1.3226,2.1490000000012515
