index,multiplier,round_duration
1,1.2208,0.0
2,1.5128,1.995999999999185
3,1.8931,3.9940000000060536
4,2.0409,6.0
5,2.244,7.994000000006054
6,2.2952,9.99100000000908
7,2.4057,12.00700000001234
8,3.1136,13.995999999999183
9,2.3779,15.99199999999837
10,2.3507,17.993000000002212
11,2.7588,19.99300000000221
12,2.4325,21.99199999999837
