index,multiplier,round_duration
1,0.7982,0.0
2,0.8369,1.9989999999961583
3,1.0105,3.9989999999961583
4,1.1914,5.998999999996158
5,1.2533,7.997999999992317
6,1.2348,9.998999999996158
