index,multiplier,round_duration
1,0.9999,0.0
2,1.0038,0.2340000000003783
3,1.176,0.4550000000017462
4,1.1724,0.6670000000012806
5,1.2047,0.9049999999988358
6,1.1877,1.1310000000012224
7,1.2088,1.3559999999997672
8,1.2126,1.5640000000021246
9,1.2091,1.7860000000000582
10,1.2092,1.9880000000011933
11,1.229,2.1710000000020955
12,1.2528,2.3990000000012515
13,1.2403,2.625
14,1.2408,2.860000000000582
15,1.2416,3.03099999999904
