index,multiplier,round_duration
1,0.578,0.0
2,0.6201,2.0020000000076834
3,0.6179,4.002999999996973
4,1.2504,24.00100000000384
5,1.2087,26.0
6,1.55649,28.002999999996973
7,2.355,30.00400000000081
8,2.3845,32.00299999999697
9,2.3005,33.99899999999616
10,2.6485,36.004000000000815
11,4.4965,38.00299999999697
12,6.3481,40.00200000000768
13,6.5235,42.00100000000384
14,6.7343,44.004000000000815
