index,multiplier,round_duration
1,1.0006,0.0
2,1.0022,0.2019999999902211
3,1.0022,0.3609999999898718
