index,multiplier,round_duration
1,1.0592,0.0
2,0.9471,1.9989999999961583
3,0.9491,3.9989999999961583
4,0.5894,6.0
5,0.5867,7.998999999996158
