index,multiplier,round_duration
1,1.0044,0.0
2,0.8321,0.2070000000021536
3,0.8352,0.4220000000022992
4,0.8326,0.6410000000032596
5,0.8232,0.8500000000021828
6,0.8231,1.044000000001688
7,0.8346,1.2470000000030268
8,0.8436,1.4200000000018915
9,0.8422,1.610000000000582
10,0.8539,1.7960000000020957
11,0.8839,1.978000000002794
12,1.0616,2.1680000000014843
13,1.076,2.372000000003027
14,1.0796,2.5760000000009318
