index,multiplier,round_duration
1,1.0031,0.0
2,1.0154,0.2070000000021536
3,1.0082,0.3870000000024447
4,1.0106,0.5859999999993306
5,1.1683,0.7990000000027067
6,1.2422,0.9950000000026192
7,1.2734,1.195999999999913
