index,multiplier,round_duration
1,0.9707,0.0
2,1.0331,1.971999999994296
3,1.4991,3.972999999998138
4,1.55532,5.979000000006636
5,1.6352,7.971000000005006
