index,multiplier,round_duration
1,0.9919,0.0
2,1.0715,1.985000000000582
3,0.8704,3.9869999999937136
4,1.1189,5.985000000000582
5,1.2086,7.98399999999674
6,1.2032,9.98399999999674
7,1.3903,11.989000000001395
