index,multiplier,round_duration
1,0.9998,0.0
2,1.0067,0.1830000000045402
3,1.017,0.3620000000082655
4,1.0296,0.5210000000079162
5,1.0268,0.6970000000001164
6,1.0301,0.8780000000115251
7,1.035,1.0540000000037253
8,1.0358,1.221000000005006
9,1.0441,1.397000000011758
10,1.0457,1.5740000000077998
11,1.0569,1.7380000000121072
12,1.0758,1.919000000008964
13,1.0937,2.099000000001979
14,1.1035,2.261000000013155
15,1.1035,2.423000000009779
16,1.1004,2.599000000001979
17,1.098,2.760000000009313
