index,multiplier,round_duration
1,0.9929,0.0
2,0.8904,1.9990000000107104
3,0.5151,4.002000000007683
4,0.5189,6.00700000001234
5,0.4473,7.99900000001071
6,0.4536,9.99900000001071
7,0.4675,11.998000000006869
8,0.6863,14.00800000000163
9,0.9978,15.998000000006869
10,0.9919,17.997000000003027
