index,multiplier,round_duration
1,0.8094,0.0
2,0.8246,2.0010000000038417
3,0.7166,4.0
4,0.7676,6.002000000007683
5,0.6278,8.002000000007683
6,0.6593,10.0
7,0.5534,12.002999999996971
8,0.5585,14.002999999996971
