index,multiplier,round_duration
1,0.9813,0.0
2,0.8089,2.00099999998929
3,0.8765,3.9979999999923166
