index,multiplier,round_duration
1,0.3892,0.0
2,0.417,1.995999999999185
3,0.4531,3.995999999999185
4,0.4198,5.994999999995343
5,0.5129,7.998000000006868
6,0.5326,9.997000000003029
7,0.8369,28.99899999999616
8,0.6764,30.99800000000687
9,0.7025,32.99899999999616
10,0.471,34.995999999999185
