index,multiplier,round_duration
1,1.0002,0.0
2,1.0031,0.2220000000015716
3,0.9987,0.4170000000012805
4,1.0075,0.6150000000016007
5,1.0183,0.809000000001106
6,1.0183,0.9870000000009896
7,1.0117,1.1939999999995052
