index,multiplier,round_duration
1,1.0,0.0
2,1.0,0.1829999999899882
3,1.2051,0.3870000000024447
4,1.2577,0.5779999999940628
5,1.2776,0.7690000000002328
6,1.2994,0.940999999991618
7,1.3197,1.135999999998603
8,1.2962,1.3429999999934807
9,1.2967,1.5429999999905704
10,1.3112,1.7289999999920838
11,1.3247,1.9249999999883585
12,1.3247,2.146999999997206
13,1.3392,2.3619999999937136
14,1.3525,2.577999999994063
15,1.3594,2.75099999998929
16,1.3594,2.914999999993597
