index,multiplier,round_duration
1,0.9993,0.0
2,0.9911,0.2160000000003492
3,0.9847,0.4060000000026775
4,0.9873,0.6270000000004075
5,0.9798,0.8300000000017462
6,0.9682,1.0270000000018626
7,0.9567,1.2490000000034345
8,0.9478,1.4369999999980791
9,0.9695,1.6350000000020373
10,0.9557,1.8590000000040163
