index,multiplier,round_duration
1,0.8278,0.0
2,0.8294,2.002999999996973
3,0.6561,4.002000000007683
4,0.3885,6.017000000007101
5,0.3906,8.0
6,0.3289,10.002999999996971
7,0.3942,11.998999999996158
8,0.3095,14.010000000009311
9,0.2383,15.998999999996158
10,0.2389,18.005000000004657
