index,multiplier,round_duration
1,0.9999,0.0
2,1.0079,0.2050000000017462
3,0.9959,0.4030000000020663
4,0.9892,0.5910000000003492
5,0.9854,0.7690000000002328
6,0.9785,0.9310000000004948
7,0.9856,1.1219999999993888
8,1.0063,1.3330000000023574
9,1.0815,1.52900000000227
10,1.2059,1.70600000000195
11,1.1884,1.8940000000002328
12,1.3996,2.1020000000025902
13,1.4877,2.2849999999998545
14,1.5007,2.492000000002008
15,1.5314,2.680000000000291
16,1.5314,2.864000000001397
