index,multiplier,round_duration
1,1.0662,0.0
2,1.1525,2.010000000009313
3,0.8329,3.99900000001071
4,0.854,6.001000000003842
5,0.6888,8.0
