index,multiplier,round_duration
1,0.9941,0.0
2,0.856,2.0010000000038417
3,0.9172,4.0
4,1.1788,6.001000000003842
5,1.3369,7.998000000006868
6,1.4438,10.0
