index,multiplier,round_duration
1,1.001,0.0
2,1.2231,0.1900000000023283
3,1.2457,0.4040000000022701
