index,multiplier,round_duration
1,1.153,0.0
2,1.3429,2.0050000000046566
3,0.867,4.001000000003842
4,0.7047,6.0
5,0.8718,8.0
6,1.1081,10.001000000003842
7,0.8873,12.001999999993131
8,0.9535,14.013000000006286
9,0.8389,16.0
10,0.8825,18.0
11,0.7355,20.005000000004657
12,0.5971,21.997000000003027
13,0.5734,24.00100000000384
