index,multiplier,round_duration
1,1.0035,0.0
2,1.1693,0.2139999999999418
3,1.1634,0.4470000000001164
4,1.1466,0.6769999999996799
5,1.1685,0.9059999999990396
6,0.9916,1.114000000001397
7,0.9243,1.3280000000013388
8,0.9204,1.5139999999992142
9,0.9231,1.7000000000007276
10,0.9195,1.912000000000262
11,0.768,2.1239999999997963
12,0.7411,2.3430000000007567
13,0.7414,2.5390000000006694
