index,multiplier,round_duration
1,0.9817,0.0
2,1.3819,1.9980000000068685
3,1.3639,3.995999999999185
4,1.4707,5.9980000000068685
5,1.5571,7.995999999999185
6,1.55721,10.00800000000163
7,2.0463,11.995999999999183
8,2.1512,13.994999999995343
9,2.9697,15.994000000006054
10,2.87,18.0060000000085
11,2.9197,20.00100000000384
