index,multiplier,round_duration
1,1.1356,0.0
2,1.1995,2.0280000000057044
3,1.2357,3.9979999999923166
4,1.3115,5.998999999996158
5,1.3881,8.0
6,1.4446,9.998999999996158
7,1.5192,12.014999999999418
8,1.9263,13.998999999996158
9,1.9364,17.031999999991967
