index,multiplier,round_duration
1,0.3645,0.0
2,0.2878,2.004000000000815
3,0.3547,3.99900000001071
4,0.4017,6.003000000011525
5,0.3253,8.003000000011525
6,0.2859,10.002000000007683
7,0.2148,12.003000000011523
8,0.2452,14.001000000003842
9,0.165,16.0
10,0.2019,18.003000000011525
11,0.1889,20.003000000011525
12,0.1916,22.0
13,0.1554,24.00400000000081
14,0.1061,26.00400000000081
15,0.1111,28.0
16,0.1226,30.003000000011525
17,0.0519,32.003000000011525
18,0.0502,34.00200000000768
