index,multiplier,round_duration
1,1.0382,0.0
2,0.7474,1.9990000000107104
3,0.5791,3.99900000001071
4,0.6542,5.9980000000068685
5,0.7692,8.014000000010128
6,1.079,9.998000000006869
7,0.7634,11.99900000001071
