index,multiplier,round_duration
1,1.0132,0.0
2,0.01,2.022000000011758
3,0.0511499999999999,3.998000000006869
