index,multiplier,round_duration
1,0.9983,0.0
2,0.9891,0.1980000000039581
3,1.0066,0.3899999999994179
4,1.0208,0.5960000000050059
5,1.0236,0.7870000000111759
6,1.0212,0.9570000000094296
7,1.037,1.1480000000010475
8,1.0553,1.3630000000121072
9,1.0739,1.5750000000116415
10,1.075,1.739000000001397
11,1.075,1.9030000000057044
12,1.075,2.075000000011641
