index,multiplier,round_duration
1,1.1788,0.0
2,1.4837,1.9769999999989525
3,1.0444,3.972999999998138
4,0.9891,5.975999999995111
5,1.003,7.978000000002794
6,0.931,9.976999999998952
7,0.5798,11.971000000005006
8,0.4951,13.97500000000582
