index,multiplier,round_duration
1,0.3399,0.0
2,0.3281,1.9949999999953436
3,0.3206,3.995999999999185
4,0.338,5.994999999995343
5,0.5021,7.995999999999185
6,0.4009,9.996999999988477
7,0.4167,11.995999999999183
8,0.3319,13.99299999998766
9,0.3955,15.994999999995343
10,0.2453,17.9939999999915
11,0.2816,19.9939999999915
12,0.2815,21.99299999998766
