index,multiplier,round_duration
1,1.071,0.0
2,1.1397,2.004000000000815
3,1.2547,4.0
4,1.3465,6.001000000003842
5,1.3962,8.003000000011525
6,1.3118,10.002000000007683
7,1.339,12.001000000003842
8,1.381,14.003000000011523
9,1.7066,16.010000000009313
10,1.1742,18.004000000000815
11,0.8742,20.005000000004657
12,0.894,22.005000000004657
13,0.994,24.00400000000081
14,0.8685,26.012000000002445
15,0.7451,28.005000000004657
