index,multiplier,round_duration
1,0.47,0.0
2,0.4833,2.0010000000038417
3,0.3973,4.001000000003842
