index,multiplier,round_duration
1,1.2031,0.0
2,1.2377,2.0010000000038417
3,1.304,4.0
4,1.3941,6.001000000003842
5,2.1589,7.998000000006868
6,1.4801,10.0
7,1.2235,12.002000000007683
8,1.0119,14.019000000000233
9,1.0778,16.00100000000384
10,1.1073,17.99899999999616
