index,multiplier,round_duration
1,1.167,0.0
2,1.2726,2.0120000000024447
3,1.3896,4.001000000003842
4,1.363,6.002000000007683
5,1.4548,8.003000000011525
6,0.8026,10.014000000010128
7,0.7803,12.004000000000817
8,0.0697,14.03300000001036
