index,multiplier,round_duration
1,0.5934,0.0
2,0.629,2.0049999999901047
3,0.6559,4.00099999998929
4,0.5768,5.998999999996158
5,0.3821,7.996999999988475
