index,multiplier,round_duration
1,0.9957,0.0
2,0.9835,0.2489999999997962
3,0.9835,0.4420000000027357
4,0.988,0.6280000000006112
5,0.9978,0.8290000000015425
6,0.9821,1.055000000000291
