index,multiplier,round_duration
1,1.0226,0.0
2,0.8603,2.0
3,1.0957,3.996999999988475
4,0.9347,5.996999999988475
5,0.9038,7.997999999992317
6,0.8501,9.996999999988477
7,0.5731,11.997999999992317
8,0.6028,14.00899999999092
9,0.483,15.995999999999183
10,0.5013,17.99899999999616
11,0.5515,19.996999999988475
12,0.5937,21.996999999988475
13,0.6384,23.996999999988475
