index,multiplier,round_duration
1,1.0631,0.0
2,0.8977,2.0
3,1.2192,4.001000000003842
4,1.0763,6.009000000005472
5,1.227,8.001000000003842
6,1.2447,10.002000000007683
7,1.3538,12.001000000003842
8,1.6512,14.002000000007683
9,1.8767,16.013000000006286
10,1.5783,17.99800000000687
11,1.6138,20.0
12,1.7897,22.0
13,2.5381,23.99899999999616
14,0.0254,26.02500000000873
