index,multiplier,round_duration
1,1.0073,0.0
2,0.9284,2.0
3,1.074,4.0
4,0.7222,5.997000000003027
5,0.6002,8.0
6,0.6258,9.995999999999183
7,0.6622,11.997000000003029
8,0.8266,14.0
9,0.7628,16.0
10,0.9171,17.997000000003027
11,1.2229,20.0
12,1.0008,21.99900000001071
13,1.0165,23.995999999999185
14,1.1241,25.99800000000687
