index,multiplier,round_duration
1,0.8886,0.0
2,0.9061,2.003000000011525
3,1.0039,4.003000000011525
4,0.8998,6.006000000008498
5,0.9842,8.002000000007683
6,0.8142,10.004000000000817
7,0.6605,12.010000000009311
8,0.698,14.005000000004657
9,0.7387,16.004000000000815
10,1.0109,18.003000000011525
11,0.8988,20.00100000000384
12,0.9663,22.003000000011525
13,0.094,24.00400000000081
