index,multiplier,round_duration
1,1.0446,0.0
2,1.3414,2.002999999996973
3,1.1036,4.004000000000815
4,1.7312,6.002999999996973
5,1.7736,8.002999999996973
6,1.4034,10.002999999996971
7,1.8864,12.004000000000817
8,1.8217,14.004000000000817
9,1.8651,16.004000000000815
10,2.4971,17.99899999999616
11,2.4896,20.002999999996973
12,2.9229,22.00100000000384
