index,multiplier,round_duration
1,1.1811,0.0
2,1.4017,2.0010000000038417
3,1.5798,4.002999999996973
4,1.5565099999999998,6.0
5,1.5506,8.004000000000815
6,1.4672,10.0
7,1.9175,12.001000000003842
8,1.4246,14.0
9,1.1494,16.0
10,1.1531,18.0
11,2.2652,20.0
12,2.7835,22.0
13,3.4595,24.002999999996973
14,3.2508,26.0
