index,multiplier,round_duration
1,0.9992,0.0
2,1.0177,0.227999999995518
3,1.0069,0.4510000000009313
4,1.0283,0.6809999999968568
5,1.0262,0.8960000000006403
6,1.0344,1.1039999999993595
7,1.03,1.300999999999476
8,1.0477,1.4949999999953434
9,1.2126,1.6919999999954598
10,1.1925,1.9099999999962165
11,1.2253,2.1259999999965657
12,1.2355,2.3430000000007567
13,1.2309,2.576999999997497
14,1.2276,2.775999999998021
15,1.2333,2.9360000000015134
16,1.255,3.13300000000163
