index,multiplier,round_duration
1,1.2597,0.0
2,1.239,1.9980000000068685
3,1.3073,4.0
4,1.3541,5.99900000001071
5,1.3986,7.998000000006868
6,1.3406,9.997000000003029
7,1.4498,12.00700000001234
8,1.499,15.001000000003842
9,1.2225,16.99900000001071
10,1.0194,18.997000000003027
11,1.1285,20.99800000000687
12,1.1224,22.99800000000687
13,0.8872,25.0
