index,multiplier,round_duration
1,0.9869,0.0
2,0.7765,0.165000000008149
3,0.7738,0.3340000000025611
4,0.7681,0.4930000000022119
5,0.7662,0.6499999999941792
6,0.7629,0.8139999999984866
7,0.7578,0.9740000000019792
8,0.769,1.135999999998603
9,0.772,1.2970000000059372
