index,multiplier,round_duration
1,1.4626,0.0
2,1.5069,1.9940000000060536
3,1.5529,3.9940000000060536
4,1.3569,5.99199999999837
5,1.9707,7.993000000002212
6,1.598,9.99000000000524
7,0.741,11.998000000006869
