index,multiplier,round_duration
1,0.9994,0.0
2,1.001,1.9729999999981371
3,1.0159,3.977999999988242
