index,multiplier,round_duration
1,0.981,0.0
2,1.0286,2.00099999998929
3,1.0542,4.00099999998929
4,0.9858,5.998999999996158
5,0.7597,8.00099999998929
6,0.7383,10.0
7,0.79,11.996999999988477
8,0.6167,14.00099999998929
9,0.6621,16.0
10,0.6147,17.996999999988475
11,0.5107,19.99899999999616
12,0.4583,21.99899999999616
13,0.4896,24.00199999999313
14,0.4085,25.99899999999616
15,0.4826,28.00099999998929
16,0.5942,29.99899999999616
17,0.6123,32.00099999998929
18,0.4941,34.00199999999313
