index,multiplier,round_duration
1,0.8047,0.0
2,0.8443,2.0010000000038417
3,0.732,3.9989999999961583
4,0.5494,6.001000000003842
