index,multiplier,round_duration
1,1.0064,0.0
2,1.0247,0.2039999999979045
3,1.0112,0.3819999999977881
4,1.0344,0.5779999999977008
5,1.038,0.7680000000000291
6,1.0394,0.9589999999989232
7,1.0433,1.1719999999986612
8,1.0637,1.3659999999981665
9,1.0657,1.554000000000087
