index,multiplier,round_duration
1,0.9996,0.0
2,0.9717,0.1759999999922001
3,0.7466,0.3329999999987194
4,0.7466,0.4919999999983702
