index,multiplier,round_duration
1,0.9956,0.0
2,0.9811,0.2230000000017753
3,0.9688,0.4170000000012805
4,0.9784,0.5970000000015716
5,0.97,0.7839999999996508
