index,multiplier,round_duration
1,0.9979,0.0
2,0.7396,1.9949999999953436
3,0.4872,3.994999999995344
4,0.3094,5.995999999999185
5,0.2658,9.012000000002445
6,0.3354,11.997000000003029
7,0.5234,13.990999999994528
8,0.6438,16.00999999999476
9,0.7481,17.994000000006054
10,0.9201,19.99099999999453
11,0.9208,21.99199999999837
12,0.5684,25.00800000000163
13,0.4785,27.002999999996973
14,0.4857,28.997000000003027
15,0.05061,30.997000000003027
