index,multiplier,round_duration
1,0.9995,0.0
2,0.9997,0.2189999999973224
3,1.014,0.4100000000034924
4,1.0341,0.5820000000021537
5,1.2299,0.7770000000018626
6,1.2522,0.9899999999979628
7,1.2519,1.190999999998894
8,1.2656,1.3660000000018044
9,1.5562900000000002,1.5630000000019209
10,1.5069,1.75
