index,multiplier,round_duration,cropped_path
1,1.0005,0.0,rounds_new2/round_2646/cropped/debug_crop_temp_1279792_21-20-20-658.png
2,0.8213,0.2260000000096624,rounds_new2/round_2646/cropped/debug_crop_temp_1279793_21-20-20-884.png
3,0.8108,0.4210000000020955,rounds_new2/round_2646/cropped/debug_crop_temp_1279794_21-20-21-079.png
4,0.8183,0.6350000000093132,rounds_new2/round_2646/cropped/debug_crop_temp_1279795_21-20-21-293.png
5,0.8248,0.8479999999981374,rounds_new2/round_2646/cropped/debug_crop_temp_1279796_21-20-21-506.png
6,0.8112,1.0720000000001164,rounds_new2/round_2646/cropped/debug_crop_temp_1279797_21-20-21-730.png
7,0.8065,1.2909999999974389,rounds_new2/round_2646/cropped/debug_crop_temp_1279798_21-20-21-949.png
8,0.8012,1.5060000000084983,rounds_new2/round_2646/cropped/debug_crop_temp_1279799_21-20-22-164.png
9,0.7899,1.6790000000037253,rounds_new2/round_2646/cropped/debug_crop_temp_1279800_21-20-22-337.png
