index,multiplier,round_duration
1,1.0,0.0
2,0.9964,0.1659999999974388
3,0.9936,0.3249999999970896
4,0.9936,0.4829999999928986
5,1.0073,0.6450000000040745
6,1.021,0.8019999999960419
7,1.0224,0.9639999999926658
8,1.0225,1.1239999999961583
9,1.026,1.2820000000065193
10,1.025,1.4499999999970896
11,1.0237,1.6119999999937136
12,1.0154,1.7709999999933643
13,1.0154,1.9309999999968568
14,1.0145,2.091000000000349
15,1.0265,2.2510000000038417
16,1.0341,2.411999999996624
