index,multiplier,round_duration
1,0.9915,0.0
2,0.7186,2.014000000010128
3,0.7186,3.997000000003027
4,0.6876,5.99900000001071
5,0.0601,8.0
